BEGIN TRANSACTION;
CREATE TABLE IF NOT EXISTS `bus_stop_master` (
	`stop_id`	INTEGER PRIMARY KEY AUTOINCREMENT,
	`stop_name`	TEXT
);
INSERT INTO `bus_stop_master` (stop_id,stop_name) VALUES (1,'12 Mill'),
 (2,'22 Godam'),
 (3,'32 Dukane'),
 (4,'34 No. Bus Stand'),
 (5,'55 mini'),
 (6,'7 No. chauraha'),
 (7,'9 Dukan'),
 (8,'Aakeda Road'),
 (9,'Agarwal Farm'),
 (10,'Airforce office'),
 (11,'Ajmer Pulia'),
 (12,'Ajmeri Gate'),
 (13,'Akbar Vt Road'),
 (14,'Albert Hall'),
 (15,'Alka Cinema'),
 (16,'Ambabari'),
 (17,'Amer'),
 (18,'Amer Fort'),
 (19,'Amer Kunda'),
 (20,'Amer Stadium'),
 (21,'Amrapali Circle'),
 (22,'Apex Circle'),
 (23,'Aravali Marg'),
 (24,'Asha Wala'),
 (25,'Ashok Marg'),
 (26,'Babaji Mod'),
 (27,'Babrana'),
 (28,'Bade ke Balaji'),
 (29,'Badi Chopad'),
 (30,'Badi Chopar'),
 (31,'Bagdiya Bhawan'),
 (32,'Bagrana'),
 (33,'Bagru'),
 (34,'Baiji ki Kothi'),
 (35,'Bais Godam'),
 (36,'Bajaj Nagar Enclave'),
 (37,'Bajri Mandi'),
 (38,'Balaji College'),
 (39,'Balti Factory'),
 (40,'Bapu Bazar'),
 (41,'Barafkhana'),
 (42,'Basi'),
 (43,'Bassi'),
 (44,'Bassi Mod'),
 (45,'Bawadi'),
 (46,'Behlad'),
 (47,'Benad'),
 (48,'Bhairon Madir'),
 (49,'Bhairon Mandir'),
 (50,'Bhankrota'),
 (51,'Bhaskar'),
 (52,'Bhatta Basti'),
 (53,'Bhatta Wala'),
 (54,'Bhawani Niketan'),
 (55,'Bichpadi'),
 (56,'Bilwa'),
 (57,'Bindayaka'),
 (58,'Bindayan'),
 (59,'Birla Hospital'),
 (60,'Birla Mandir(JDA Circle)'),
 (61,'Biyani Group of Colleges'),
 (62,'Boring Road'),
 (63,'BOSCH Limited'),
 (64,'Calgary Hospital Mod'),
 (65,'CBI Phatak'),
 (66,'Central Park(Rambagh)'),
 (67,'Central Railway Hoapital'),
 (68,'Central Railway Hospital'),
 (69,'Chaksu'),
 (70,'Chand Bihari Nagar'),
 (71,'Chandi Ki Taksal'),
 (72,'Chandi Ki Taskal'),
 (73,'Chandpol'),
 (74,'Chatrala Circle'),
 (75,'Chaudhary Nagar'),
 (76,'Check Post Amer'),
 (77,'Chhoti Chopar'),
 (78,'Chinkara Canteen'),
 (79,'Choda Rasta(Ramniswas Bhagh)'),
 (80,'Choki Dhani(Gonar Mod)'),
 (81,'Chomu'),
 (82,'Chomu House'),
 (83,'Chomu Puliya'),
 (84,'Choti Chopar'),
 (85,'Chulgiri'),
 (86,'Chungi Naka'),
 (87,'City Palace'),
 (88,'City Plex'),
 (89,'City Pulse'),
 (90,'Civil Lines Chauraha'),
 (91,'Civil Lines Metro Station'),
 (92,'Collectorate'),
 (93,'Collectrate Circle'),
 (94,'Commerce College'),
 (95,'CrossRoad Mall'),
 (96,'Crystal palm Mall'),
 (97,'Dadi Ka Phatak'),
 (98,'Dahar Ke Balaji'),
 (99,'Dak Colony'),
 (100,'Dak Colony/Balaji Mod'),
 (101,'Danapani'),
 (102,'Datli'),
 (103,'Datti Vada'),
 (104,'Dayal Nurshing Home'),
 (105,'Dayal Nursing Home'),
 (106,'Dayaram Pura'),
 (107,'Dayaran Pura'),
 (108,'Dcm'),
 (109,'Debliya'),
 (110,'Devi Nagar'),
 (111,'Dharam kanta'),
 (112,'Dharam Kanta Chauraha'),
 (113,'Dhawas Girdharipura Mode'),
 (114,'Dhawas Gridharipura Mode'),
 (115,'Dhayami Balaji'),
 (116,'Dhayami Kala Mod'),
 (117,'Doodh Mandi'),
 (118,'Durga Marg'),
 (119,'Durgapura'),
 (120,'Dwarikapura'),
 (121,'Dwarikapuri'),
 (122,'Esi Hospital'),
 (123,'Esi No. 4 Dispensary'),
 (124,'Esi No.4 Dispensary'),
 (125,'Fortis Hospital'),
 (126,'Galta'),
 (127,'Galta Gate'),
 (128,'Gandhi Circle'),
 (129,'Gandhi Nagar Railway Station'),
 (130,'Gandhi Path'),
 (131,'Gandhi Path Mod'),
 (132,'Gandhinagar Mod'),
 (133,'Gandhinagar Station'),
 (134,'Ganga Jamuna'),
 (135,'Ganga Jamuna Petrol Pump'),
 (136,'Gatore'),
 (137,'Gatta'),
 (138,'Gaurav Tower ( GT )'),
 (139,'Gaurav Tower Puliya( GT )'),
 (140,'Gaurav Tower Puliya(GT)'),
 (141,'Gaurav Tower(GT)'),
 (142,'Gaushala'),
 (143,'Gayan Vihar College'),
 (144,'Genpact'),
 (145,'Genpact Sitapura'),
 (146,'Ghandinagar Station'),
 (147,'Ghat Gate'),
 (148,'Ghat ki Guni'),
 (149,'Ghati Karolan'),
 (150,'Gnadhi Path Mod'),
 (151,'Gnadhinagar mod'),
 (152,'Gold Sukh'),
 (153,'Goner'),
 (154,'Goner Mod'),
 (155,'Goner Railway Phatak'),
 (156,'Gopalpura'),
 (157,'Gopalpura Bypass'),
 (158,'Gopalpura Mod'),
 (159,'Goshala'),
 (160,'Governmenet Press'),
 (161,'Government Hostel'),
 (162,'Government press'),
 (163,'Govind Nagar'),
 (164,'Govindpura'),
 (165,'GPO'),
 (166,'GT Bazaar'),
 (167,'Gujar Ki Thadi'),
 (168,'Gurjar Ki Thadi'),
 (169,'Gurudwara'),
 (170,'Gyan Vihar'),
 (171,'Gyan Vihar College'),
 (172,'Haldia Garden'),
 (173,'Haldigahti Gate'),
 (174,'Haldigati Gate'),
 (175,'Haldighati Marg'),
 (176,'Hanuman Ji Mandir'),
 (177,'Hari Marg'),
 (178,'Hari Nagar'),
 (179,'Harmara'),
 (180,'Harwada'),
 (181,'Hasanpura'),
 (182,'Hathoj'),
 (183,'Hathroi'),
 (184,'Hatwada'),
 (185,'Hawa Mahal'),
 (186,'Heerapura Power House'),
 (187,'High Court Circle'),
 (188,'Hira path'),
 (189,'Hirapura'),
 (190,'Hirapura Bypass'),
 (191,'Idgah'),
 (192,'Imli Phatak'),
 (193,'India Gate'),
 (194,'Indra Gandhi Nagar Sector-1'),
 (195,'Indra Gandhi Nagar Sector-2'),
 (196,'Indra Gandhi Nagar Sector-3'),
 (197,'Indra Gandhi Nagar Sector-4'),
 (198,'Indra Gandhi Nagar Sector-5'),
 (199,'Indra Gandhi Nagar Sector-6'),
 (200,'Jagatpura Kachi'),
 (201,'Jagatpura Phatak'),
 (202,'Jagatpura Railway Junction'),
 (203,'Jagatpura Railway Station'),
 (204,'Jaipur Club'),
 (205,'Jaipur Railway Junction'),
 (206,'Jaipur Railway Station'),
 (207,'Jaipuria Hospital'),
 (208,'Jaisinghpura Khor'),
 (209,'Jaitpura'),
 (210,'Jal Mahal'),
 (211,'Jaldhara'),
 (212,'Jaldhara / Shiksha Sankul'),
 (213,'Jamdoli'),
 (214,'Jantar-Mantar'),
 (215,'Jasvant Nagar'),
 (216,'Jawahar circle'),
 (217,'Jawahar Nagar'),
 (218,'Jda Circle'),
 (219,'JDA Cirlce'),
 (220,'Jharkhand Mahadev'),
 (221,'Jhotwara'),
 (222,'JLN Marg'),
 (223,'JNU Main Campus'),
 (224,'JNU SADTM Campus'),
 (225,'JNU Silas Campus'),
 (226,'Jodla'),
 (227,'Johari Bazar'),
 (228,'Joravar Singh Gate'),
 (229,'Joshi Marg'),
 (230,'Jothwara Kanta'),
 (231,'Jothwara pankha'),
 (232,'JP Phatak Underpass'),
 (233,'Kacchi Basti'),
 (234,'Kalbaba'),
 (235,'Kalbada'),
 (236,'Kalyan Nagar'),
 (237,'Kalyan Nagar/Ram Mandir'),
 (238,'Kamla Nehru Nagar'),
 (239,'Kanak Ghati'),
 (240,'Kanodia University'),
 (241,'Kanoria College'),
 (242,'Kanota'),
 (243,'Karani Palace'),
 (244,'Karim Nagar'),
 (245,'Karni Palace'),
 (246,'Kartarpura Phatak'),
 (247,'Kaveri Path'),
 (248,'Kawatiya Circle'),
 (249,'Kedia Palace'),
 (250,'Keshupura'),
 (251,'Khaniya'),
 (252,'Khaniya Check Post'),
 (253,'Khasa Kothi'),
 (254,'Khatipura'),
 (255,'Khatipura Mod'),
 (256,'Khatipura Railway Station'),
 (257,'Khatipura Road'),
 (258,'Khetan'),
 (259,'Khetan Hospital'),
 (260,'Khirani Patak'),
 (261,'Khirni Phatak'),
 (262,'Khole Ke Hanuman Ji'),
 (263,'Kho-Nagorian'),
 (264,'Khora Bisal'),
 (265,'Kings Road Nirman Nagar'),
 (266,'Kings Road Vaishali Nagar'),
 (267,'Kiran Path'),
 (268,'Kukas'),
 (269,'Kumba Marg'),
 (270,'Kumbha Marg'),
 (271,'Kunda'),
 (272,'Kunda '),
 (273,'Kundan Nagar'),
 (274,'KV N0.3'),
 (275,'KV N0.4'),
 (276,'KV N0.5'),
 (277,'Kv No. 5'),
 (278,'Kv No.3'),
 (279,'Kv No.4'),
 (280,'Lal Kothi'),
 (281,'Lal Mandir'),
 (282,'Lal Masjid Churaha'),
 (283,'Lankapuri'),
 (284,'Lata Cinema'),
 (285,'Lata Circle'),
 (286,'Laxmi Mandir'),
 (287,'Laxmi Nagar'),
 (288,'Lazeez Hotel'),
 (289,'LBS College Mod'),
 (290,'Loniyawas'),
 (291,'Madina Nagar'),
 (292,'Mahapura'),
 (293,'Maharani College'),
 (294,'Maharani Farm'),
 (295,'Mahatma Gandhi Hospital'),
 (296,'Mahaveer Nagar'),
 (297,'Mahaveer Nagar Mod'),
 (298,'Mahesh Nagar'),
 (299,'Mahesh Nagar Mod'),
 (300,'Mahesh Nagar Phatak'),
 (301,'Majdoor Nagar'),
 (302,'Mali ki Kothi'),
 (303,'Malpura Gate'),
 (304,'Malviya Nagar'),
 (305,'Malviya Nagar Sector-10'),
 (306,'Malviya Nagar Sector-11'),
 (307,'Malviya Nagar Sector-13'),
 (308,'Malviya Nagar Sector-15'),
 (309,'Malviya Nagar Sector-2'),
 (310,'Malviya Nagar Sector-2(Satkar)'),
 (311,'Malviya Nagar Sector-3'),
 (312,'Malviya Nagar Sector-4'),
 (313,'Malviya Nagar Sector-5'),
 (314,'Malviya Nagar Sector-6'),
 (315,'Malviya Nagar Sector-7'),
 (316,'Malviya Nagar Sector-9'),
 (317,'Mama ka Hotel'),
 (318,'Man Bag'),
 (319,'Manbagh'),
 (320,'Mandir Mod'),
 (321,'Mansarovar Metro Station'),
 (322,'Mansarover Metro Station'),
 (323,'Market Road'),
 (324,'Mavata'),
 (325,'Mayank Cinema'),
 (326,'Medical Centre'),
 (327,'Meenawala'),
 (328,'Meera Marg'),
 (329,'MGF Metropoliton'),
 (330,'MI Road'),
 (331,'ML Quarters'),
 (332,'Mnit'),
 (333,'Mochion Ki Chhabil'),
 (334,'Modal Town'),
 (335,'Model Town'),
 (336,'Mohan Hospital'),
 (337,'Morta'),
 (338,'Moti Dungri Mandir circle'),
 (339,'Motu Ka Was'),
 (340,'Muana Gav'),
 (341,'Muana Mandi'),
 (342,'Muchh Ki Pipli'),
 (343,'Muhana Gav'),
 (344,'Muhana Mandi'),
 (345,'Mundiya Ramsar'),
 (346,'Murlipura circle'),
 (347,'Murlipura Thana'),
 (348,'Muslim University'),
 (349,'Nadi Ka Phatak'),
 (350,'Nagaliya'),
 (351,'Nanda Canteen'),
 (352,'Nandpuri'),
 (353,'Narad Ka Bagh'),
 (354,'Naradpura Mod'),
 (355,'Narayan Singh Circle'),
 (356,'Naya Kheda'),
 (357,'Nayla House'),
 (358,'NBC'),
 (359,'Nehru Place'),
 (360,'Netaji Chowki'),
 (361,'New RTO Office'),
 (362,'New Sanganer Road Mod'),
 (363,'New Transport Nagar'),
 (364,'Nindar Mod'),
 (365,'Niwaru'),
 (366,'Niwaru Marg'),
 (367,'North West Railway Office'),
 (368,'NRI Circle'),
 (369,'Nursery Circle'),
 (370,'NWR Headquarters'),
 (371,'Paanchwatti'),
 (372,'Padiminia'),
 (373,'PagalKhana'),
 (374,'Paldi Meena'),
 (375,'Paldimina'),
 (376,'Panch Batti'),
 (377,'Panch Batti/Raj mandir'),
 (378,'Panchawala'),
 (379,'Panchawala '),
 (380,'Panchayala Puliya'),
 (381,'Panchwati Circle'),
 (382,'Panchyawala'),
 (383,'Panipech'),
 (384,'Pankha Kanta'),
 (385,'Pannadhai Circle'),
 (386,'Pareek College'),
 (387,'Parivahan Nagar Khatipura'),
 (388,'Parsotwada'),
 (389,'Parsuram Circle'),
 (390,'Pashu Hatwada'),
 (391,'Patel Marg'),
 (392,'Patel Marg Crossing'),
 (393,'Patel Mark'),
 (394,'Patel Mark Crossing'),
 (395,'Pink Square Mall'),
 (396,'Pital Factory'),
 (397,'Polo Victory'),
 (398,'Power House'),
 (399,'Power House(hirapura)'),
 (400,'Pradhan Marg'),
 (401,'Pratap Nagar'),
 (402,'Pratap Nagar RSRTC Bus Stand'),
 (403,'Pratap Nagar Sector- 10'),
 (404,'Pratap Nagar Sector- 11'),
 (405,'Pratap Nagar Sector- 16'),
 (406,'Pratap Nagar Sector- 3'),
 (407,'Pratap Nagar Sector- 5'),
 (408,'Pratap Nagar Sector- 8'),
 (409,'Pratap Nagar Sector-10'),
 (410,'Pratap Nagar Sector-11'),
 (411,'Pratap Nagar Sector-16'),
 (412,'Pratap Nagar Sector-3'),
 (413,'Pratap Nagar Sector-5'),
 (414,'Pratap Nagar Sector-8'),
 (415,'Pratap Plaza'),
 (416,'Prem Nagar Puliya'),
 (417,'Prem Nagar Pulliya'),
 (418,'Prince Road'),
 (419,'Pulia No 1'),
 (420,'Purani Chungi'),
 (421,'Purani Chungi(Bawadi)'),
 (422,'Rahim Nagar'),
 (423,'Railway Station'),
 (424,'Raj Mandir Cinema'),
 (425,'Rajapark'),
 (426,'Rajasthan College'),
 (427,'Rajasthan University'),
 (428,'Rajat Path'),
 (429,'Rajathan College'),
 (430,'Rajathan University'),
 (431,'Rajawas'),
 (432,'Ram Mandir'),
 (433,'Ram Mandir Road'),
 (434,'Ram Nagar'),
 (435,'Ram Nagar(Jothwara)'),
 (436,'Ram Nagar(Sodala)'),
 (437,'Ram Nagar(vidhyadhar nagar)'),
 (438,'Ram Niwas Garden Parking'),
 (439,'Ramachandra Pura'),
 (440,'Rambagh'),
 (441,'Rambagh Circle'),
 (442,'Rambagh Palace'),
 (443,'Ramganj Chopar'),
 (444,'Ramgarh Mod'),
 (445,'Ramneshpuri'),
 (446,'Ramnespuri'),
 (447,'Rampura'),
 (448,'Rawan Gate'),
 (449,'Ricco'),
 (450,'Ricco Chauraha'),
 (451,'Ridhi Sidhi'),
 (452,'Riico'),
 (453,'Riico Chauraha'),
 (454,'RTO Office'),
 (455,'Sadva Mod'),
 (456,'Sahakri Bhawan'),
 (457,'Sahkari Bhawan / 22 Godam'),
 (458,'Sanganer Petrol Pump'),
 (459,'Sanganer Stadium'),
 (460,'Sanganer Thana'),
 (461,'Sanganer Town'),
 (462,'Sanganeri Gate'),
 (463,'Sanjeevani Hospital'),
 (464,'Sarada'),
 (465,'Saras Diary'),
 (466,'Sarwa'),
 (467,'Sarwa Kunda'),
 (468,'Satkar'),
 (469,'Satsai College'),
 (470,'Sayam Nagar'),
 (471,'Sayeed Ka Gatta'),
 (472,'SC Road'),
 (473,'Secretariat'),
 (474,'Shagar'),
 (475,'Shahpura Bag'),
 (476,'Shahpura Bagh'),
 (477,'Shalimar'),
 (478,'Shalimar Factory'),
 (479,'Shashtri Nagar Circle'),
 (480,'Shashtri Nagar Thana'),
 (481,'Shastri Nagar'),
 (482,'Shastri Nagar Thana'),
 (483,'Shayam Nagar'),
 (484,'Sheopur Road'),
 (485,'Shitala'),
 (486,'Shiv Nagar'),
 (487,'Shivaji College'),
 (488,'Shivaji Nagar Chauraha'),
 (489,'Shivaspura'),
 (490,'Shivdaspura'),
 (491,'Shubash Chowk'),
 (492,'Shubhash Chowk'),
 (493,'Shyam Nagar Metro Station'),
 (494,'Shyam Nagar(benad)'),
 (495,'Shyam Vatika'),
 (496,'Shyopur'),
 (497,'Shypur Road'),
 (498,'Sikar Road'),
 (499,'Sikshsha Sankul'),
 (500,'Sindhi Camp'),
 (501,'Siroli'),
 (502,'Sisodiya Rani Garden'),
 (503,'Sitapura'),
 (504,'Sitapura Circle'),
 (505,'Siwar'),
 (506,'SMS Hospital'),
 (507,'Sodala'),
 (508,'Sodala Metro'),
 (509,'Subhas colony'),
 (510,'Subhash Chowk'),
 (511,'Subhash Colony'),
 (512,'Sundar Nagar'),
 (513,'Surajpole'),
 (514,'Suresh Nagar Mod'),
 (515,'Surya Nagar'),
 (516,'Sushil Pura'),
 (517,'Swarn Path'),
 (518,'T.B. Hospital'),
 (519,'Tagore Nagar'),
 (520,'Tagori Nagar'),
 (521,'Taron Ki Koot'),
 (522,'Taron Ki Koot/surya nagar'),
 (523,'TB Hospital'),
 (524,'Thadi Market'),
 (525,'Thikaria Mod'),
 (526,'Tilak Marg'),
 (527,'Tilak Nagar'),
 (528,'Todi'),
 (529,'Tonk Phatak'),
 (530,'Transport Nagar'),
 (531,'Transport Nagar Mod'),
 (532,'Trimurti Circle'),
 (533,'Tripoliya Bajar'),
 (534,'Triton Mall'),
 (535,'Triveni Nagar'),
 (536,'Vaidhji Ka Chauraha'),
 (537,'Vaishali Circle'),
 (538,'Varun Path'),
 (539,'Vatika'),
 (540,'Vidhan Sabha'),
 (541,'Vidhani'),
 (542,'Vidhyadhar Nagar'),
 (543,'Vidhyadhar Nagar Thana'),
 (544,'Vidhyandhar Nagar'),
 (545,'Vidhyandhar Nagar Bus Depot'),
 (546,'Vidhyandhar Nagar Thana'),
 (547,'Vidyadhar Nagar Bus Depot'),
 (548,'Vijay Path'),
 (549,'Vinoda Mod'),
 (550,'Vishnu Marg'),
 (551,'Vivek Vihar Metro Station'),
 (552,'VKI'),
 (553,'VKI Road No. 1'),
 (554,'VKI Road No. 12'),
 (555,'VKI Road No. 14'),
 (556,'VKI Road No. 17'),
 (557,'VKI Road No. 5'),
 (558,'VKI Road No. 8'),
 (559,'VKI Road No. 9'),
 (560,'VT Road'),
 (561,'WTP Mall'),
 (562,'Yarli Pura'),
 (563,'Yarlipura');
CREATE TABLE IF NOT EXISTS `bus_route_map` (
	`id`	INTEGER PRIMARY KEY AUTOINCREMENT,
	`bus_id`	INTEGER,
	`stop_id`	INTEGER
);
INSERT INTO `bus_route_map` (id,bus_id,stop_id) VALUES (1,1,459),
 (2,1,273),
 (3,1,460),
 (4,1,103),
 (5,1,237),
 (6,1,522),
 (7,1,88),
 (8,1,216),
 (9,1,125),
 (10,1,144),
 (11,1,119),
 (12,1,296),
 (13,1,297),
 (14,1,158),
 (15,1,471),
 (16,1,529),
 (17,1,286),
 (18,1,359),
 (19,1,132),
 (20,1,280),
 (21,1,441),
 (22,1,355),
 (23,1,506),
 (24,1,293),
 (25,1,12),
 (26,1,462),
 (27,1,30),
 (28,1,71),
 (29,1,492),
 (30,1,228),
 (31,1,163),
 (32,1,444),
 (33,1,475),
 (34,1,210),
 (35,1,10),
 (36,1,324),
 (37,1,18),
 (38,1,17),
 (39,1,20),
 (40,1,337),
 (41,1,353),
 (42,1,271),
 (43,1,76),
 (44,1,268),
 (45,2,295),
 (46,2,63),
 (47,2,155),
 (48,2,74),
 (49,2,145),
 (50,2,504),
 (51,2,193),
 (52,2,402),
 (53,2,270),
 (54,2,414),
 (55,2,174),
 (56,2,412),
 (57,2,142),
 (58,2,486),
 (59,2,460),
 (60,2,103),
 (61,2,237),
 (62,2,522),
 (63,2,88),
 (64,2,216),
 (65,2,125),
 (66,2,144),
 (67,2,119),
 (68,2,296),
 (69,2,297),
 (70,2,158),
 (71,2,471),
 (72,2,529),
 (73,2,286),
 (74,2,359),
 (75,2,132),
 (76,2,280),
 (77,2,441),
 (78,2,355),
 (79,2,506),
 (80,2,293),
 (81,2,12),
 (82,2,30),
 (83,2,533),
 (84,2,84),
 (85,2,73),
 (86,2,325),
 (87,2,386),
 (88,2,396),
 (89,2,117),
 (90,2,523),
 (91,2,383),
 (92,2,16),
 (93,2,83),
 (94,2,284),
 (95,2,231),
 (96,2,550),
 (97,2,62),
 (98,2,230),
 (99,2,229),
 (100,3,9),
 (101,3,524),
 (102,3,548),
 (103,3,328),
 (104,3,391),
 (105,3,323),
 (106,3,277),
 (107,3,23),
 (108,3,13),
 (109,3,188),
 (110,3,428),
 (111,3,267),
 (112,3,538),
 (113,3,517),
 (114,3,247),
 (115,3,135),
 (116,3,134),
 (117,3,168),
 (118,3,298),
 (119,3,451),
 (120,3,299),
 (121,3,535),
 (122,3,297),
 (123,3,158),
 (124,3,471),
 (125,3,529),
 (126,3,286),
 (127,3,359),
 (128,3,132),
 (129,3,280),
 (130,3,441),
 (131,3,355),
 (132,3,506),
 (133,3,293),
 (134,3,12),
 (135,3,462),
 (136,3,30),
 (137,3,71),
 (138,3,492),
 (139,3,228),
 (140,3,163),
 (141,3,444),
 (142,3,475),
 (143,3,210),
 (144,3,10),
 (145,3,324),
 (146,3,18),
 (147,3,17),
 (148,4,528),
 (149,4,179),
 (150,4,364),
 (151,4,226),
 (152,4,555),
 (153,4,554),
 (154,4,559),
 (155,4,558),
 (156,4,557),
 (157,4,553),
 (158,4,15),
 (159,4,547),
 (160,4,259),
 (161,4,98),
 (162,4,54),
 (163,4,83),
 (164,4,16),
 (165,4,383),
 (166,4,523),
 (167,4,117),
 (168,4,396),
 (169,4,73),
 (170,4,84),
 (171,4,533),
 (172,4,30),
 (173,5,556),
 (174,5,555),
 (175,5,559),
 (176,5,558),
 (177,5,553),
 (178,5,15),
 (179,5,547),
 (180,5,259),
 (181,5,98),
 (182,5,54),
 (183,5,83),
 (184,5,16),
 (185,5,383),
 (186,5,523),
 (187,5,117),
 (188,5,396),
 (189,5,73),
 (190,5,331),
 (191,5,165),
 (192,5,376),
 (193,5,12),
 (194,5,462),
 (195,6,121),
 (196,6,368),
 (197,6,411),
 (198,6,49),
 (199,6,410),
 (200,6,409),
 (201,6,402),
 (202,6,270),
 (203,6,414),
 (204,6,174),
 (205,6,413),
 (206,6,412),
 (207,6,142),
 (208,6,486),
 (209,6,460),
 (210,6,103),
 (211,6,237),
 (212,6,522),
 (213,6,88),
 (214,6,216),
 (215,6,125),
 (216,6,144),
 (217,6,119),
 (218,6,296),
 (219,6,297),
 (220,6,158),
 (221,6,471),
 (222,6,529),
 (223,6,286),
 (224,6,359),
 (225,6,132),
 (226,6,280),
 (227,6,441),
 (228,6,355),
 (229,6,506),
 (230,6,293),
 (231,6,12),
 (232,6,84),
 (233,7,461),
 (234,7,459),
 (235,7,273),
 (236,7,460),
 (237,7,103),
 (238,7,237),
 (239,7,522),
 (240,7,88),
 (241,7,216),
 (242,7,125),
 (243,7,144),
 (244,7,119),
 (245,7,296),
 (246,7,297),
 (247,7,158),
 (248,7,471),
 (249,7,529),
 (250,7,286),
 (251,7,359),
 (252,7,132),
 (253,7,280),
 (254,7,441),
 (255,7,355),
 (256,7,506),
 (257,7,293),
 (258,7,12),
 (259,7,84),
 (260,8,385),
 (261,8,496),
 (262,8,497),
 (263,8,142),
 (264,8,486),
 (265,8,460),
 (266,8,103),
 (267,8,237),
 (268,8,522),
 (269,8,88),
 (270,8,216),
 (271,8,125),
 (272,8,144),
 (273,8,119),
 (274,8,296),
 (275,8,297),
 (276,8,158),
 (277,8,471),
 (278,8,529),
 (279,8,286),
 (280,8,359),
 (281,8,132),
 (282,8,280),
 (283,8,441),
 (284,8,355),
 (285,8,506),
 (286,8,293),
 (287,8,12),
 (288,8,84),
 (289,9,216),
 (290,9,305),
 (291,9,306),
 (292,9,308),
 (293,9,311),
 (294,9,310),
 (295,9,64),
 (296,9,177),
 (297,9,400),
 (298,9,465),
 (299,9,332),
 (300,9,51),
 (301,9,36),
 (302,9,133),
 (303,9,529),
 (304,9,286),
 (305,9,359),
 (306,9,132),
 (307,9,280),
 (308,9,441),
 (309,9,355),
 (310,9,506),
 (311,9,293),
 (312,9,12),
 (313,9,376),
 (314,9,165),
 (315,9,253),
 (316,9,93),
 (317,9,78),
 (318,9,383),
 (319,9,16),
 (320,9,83),
 (321,9,284),
 (322,9,231),
 (323,9,550),
 (324,9,62),
 (325,9,230),
 (326,9,435),
 (327,9,281),
 (328,9,261),
 (329,10,380),
 (330,10,37),
 (331,10,243),
 (332,10,512),
 (333,10,363),
 (334,10,111),
 (335,10,112),
 (336,10,321),
 (337,10,134),
 (338,10,168),
 (339,10,298),
 (340,10,451),
 (341,10,299),
 (342,10,535),
 (343,10,297),
 (344,10,158),
 (345,10,471),
 (346,10,529),
 (347,10,286),
 (348,10,359),
 (349,10,132),
 (350,10,280),
 (351,10,441),
 (352,10,355),
 (353,10,532),
 (354,10,338),
 (355,10,425),
 (356,10,41),
 (357,10,373),
 (358,10,531),
 (359,10,530),
 (360,11,201),
 (361,11,203),
 (362,11,334),
 (363,11,100),
 (364,11,172),
 (365,11,22),
 (366,11,278),
 (367,11,34),
 (368,11,454),
 (369,11,128),
 (370,11,132),
 (371,11,280),
 (372,11,441),
 (373,11,355),
 (374,11,506),
 (375,11,293),
 (376,11,12),
 (377,11,377),
 (378,11,165),
 (379,11,500),
 (380,11,253),
 (381,11,423),
 (382,11,93),
 (383,11,78),
 (384,11,383),
 (385,11,16),
 (386,11,83),
 (387,12,15),
 (388,12,389),
 (389,12,543),
 (390,12,95),
 (391,12,320),
 (392,12,542),
 (393,12,437),
 (394,12,178),
 (395,12,248),
 (396,12,509),
 (397,12,479),
 (398,12,396),
 (399,12,386),
 (400,12,325),
 (401,12,73),
 (402,12,331),
 (403,12,165),
 (404,12,161),
 (405,12,477),
 (406,12,183),
 (407,12,90),
 (408,12,91),
 (409,12,301),
 (410,12,122),
 (411,12,507),
 (412,12,362),
 (413,12,483),
 (414,12,516),
 (415,12,420),
 (416,12,265),
 (417,12,134),
 (418,12,135),
 (419,12,247),
 (420,12,517),
 (421,12,538),
 (422,12,267),
 (423,12,428),
 (424,12,188),
 (425,12,13),
 (426,12,23),
 (427,12,277),
 (428,12,323),
 (429,12,391),
 (430,12,328),
 (431,12,548),
 (432,12,524),
 (433,12,9),
 (434,12,514),
 (435,12,449),
 (436,12,450),
 (437,12,458),
 (438,12,459),
 (439,12,273),
 (440,12,460),
 (441,12,103),
 (442,12,237),
 (443,12,522),
 (444,12,88),
 (445,12,216),
 (446,12,152),
 (447,12,367),
 (448,12,201),
 (449,13,9),
 (450,13,524),
 (451,13,548),
 (452,13,328),
 (453,13,391),
 (454,13,323),
 (455,13,277),
 (456,13,23),
 (457,13,13),
 (458,13,188),
 (459,13,428),
 (460,13,267),
 (461,13,538),
 (462,13,517),
 (463,13,247),
 (464,13,135),
 (465,13,134),
 (466,13,168),
 (467,13,298),
 (468,13,451),
 (469,13,299),
 (470,13,535),
 (471,13,297),
 (472,13,158),
 (473,13,471),
 (474,13,529),
 (475,13,286),
 (476,13,359),
 (477,13,132),
 (478,13,280),
 (479,13,441),
 (480,13,355),
 (481,13,506),
 (482,13,293),
 (483,13,12),
 (484,13,376),
 (485,13,165),
 (486,13,500),
 (487,13,253),
 (488,13,205),
 (489,13,93),
 (490,13,78),
 (491,13,383),
 (492,13,16),
 (493,13,83),
 (494,13,284),
 (495,13,231),
 (496,13,550),
 (497,13,62),
 (498,13,230),
 (499,13,229),
 (500,13,448),
 (501,13,164),
 (502,14,9),
 (503,14,524),
 (504,14,548),
 (505,14,392),
 (506,14,294),
 (507,14,119),
 (508,14,296),
 (509,14,297),
 (510,14,158),
 (511,14,471),
 (512,14,529),
 (513,14,286),
 (514,14,359),
 (515,14,132),
 (516,14,280),
 (517,14,441),
 (518,14,355),
 (519,14,506),
 (520,14,293),
 (521,14,12),
 (522,14,462),
 (523,14,30),
 (524,14,533),
 (525,14,84),
 (526,14,73),
 (527,14,325),
 (528,14,386),
 (529,14,396),
 (530,14,479),
 (531,14,509),
 (532,14,248),
 (533,14,178),
 (534,14,437),
 (535,14,542),
 (536,14,320),
 (537,14,543),
 (538,14,389),
 (539,14,15),
 (540,14,553),
 (541,14,347),
 (542,14,249),
 (543,14,97),
 (544,15,295),
 (545,15,63),
 (546,15,155),
 (547,15,74),
 (548,15,145),
 (549,15,504),
 (550,15,193),
 (551,15,402),
 (552,15,270),
 (553,15,414),
 (554,15,174),
 (555,15,413),
 (556,15,412),
 (557,15,142),
 (558,15,486),
 (559,15,460),
 (560,15,273),
 (561,15,459),
 (562,15,458),
 (563,15,450),
 (564,15,449),
 (565,15,514),
 (566,15,9),
 (567,15,524),
 (568,15,548),
 (569,15,328),
 (570,15,391),
 (571,15,323),
 (572,15,277),
 (573,15,23),
 (574,15,13),
 (575,15,188),
 (576,15,428),
 (577,15,267),
 (578,15,538),
 (579,15,517),
 (580,15,247),
 (581,15,135),
 (582,15,134),
 (583,15,321),
 (584,15,112),
 (585,15,111),
 (586,16,365),
 (587,16,4),
 (588,16,105),
 (589,16,536),
 (590,16,25),
 (591,16,366),
 (592,16,360),
 (593,16,287),
 (594,16,445),
 (595,16,478),
 (596,16,488),
 (597,16,230),
 (598,16,62),
 (599,16,231),
 (600,16,284),
 (601,16,83),
 (602,16,16),
 (603,16,383),
 (604,16,523),
 (605,16,117),
 (606,16,396),
 (607,16,398),
 (608,16,73),
 (609,16,325),
 (610,16,500),
 (611,16,397),
 (612,16,68),
 (613,16,204),
 (614,16,181),
 (615,16,124),
 (616,16,184),
 (617,16,122),
 (618,16,508),
 (619,16,436),
 (620,16,352),
 (621,16,432),
 (622,16,457),
 (623,16,187),
 (624,16,441),
 (625,16,218),
 (626,16,289),
 (627,16,381),
 (628,16,419),
 (629,16,46),
 (630,16,217),
 (631,16,469),
 (632,16,530),
 (633,16,127),
 (634,17,205),
 (635,17,397),
 (636,17,500),
 (637,17,325),
 (638,17,73),
 (639,17,84),
 (640,17,533),
 (641,17,30),
 (642,17,443),
 (643,17,513),
 (644,17,127),
 (645,17,282),
 (646,17,262),
 (647,18,153),
 (648,18,541),
 (649,18,295),
 (650,18,63),
 (651,18,154),
 (652,18,1),
 (653,18,193),
 (654,18,402),
 (655,18,270),
 (656,18,414),
 (657,18,174),
 (658,18,413),
 (659,18,412),
 (660,18,142),
 (661,18,486),
 (662,18,460),
 (663,18,103),
 (664,18,237),
 (665,18,522),
 (666,18,88),
 (667,18,216),
 (668,18,125),
 (669,18,144),
 (670,18,119),
 (671,18,296),
 (672,18,297),
 (673,18,158),
 (674,18,471),
 (675,18,529),
 (676,18,286),
 (677,18,359),
 (678,18,132),
 (679,18,280),
 (680,18,441),
 (681,18,355),
 (682,18,506),
 (683,18,293),
 (684,18,12),
 (685,18,84),
 (686,18,73),
 (687,18,325),
 (688,18,500),
 (689,18,397),
 (690,18,68),
 (691,18,204),
 (692,18,181),
 (693,18,279),
 (694,18,255),
 (695,18,327),
 (696,18,505),
 (697,19,201),
 (698,19,65),
 (699,19,361),
 (700,19,263),
 (701,19,422),
 (702,19,244),
 (703,19,291),
 (704,19,251),
 (705,19,85),
 (706,19,530),
 (707,19,147),
 (708,19,462),
 (709,19,438),
 (710,19,12),
 (711,19,293),
 (712,19,506),
 (713,19,355),
 (714,19,441),
 (715,19,280),
 (716,19,132),
 (717,19,128),
 (718,19,454),
 (719,19,34),
 (720,19,278),
 (721,19,22),
 (722,19,172),
 (723,19,100),
 (724,19,335),
 (725,19,203),
 (726,20,230),
 (727,20,62),
 (728,20,231),
 (729,20,285),
 (730,20,255),
 (731,20,70),
 (732,20,215),
 (733,20,254),
 (734,20,387),
 (735,20,257),
 (736,20,265),
 (737,20,130),
 (738,20,131),
 (739,20,420),
 (740,20,516),
 (741,20,483),
 (742,20,507),
 (743,20,508),
 (744,20,436),
 (745,20,352),
 (746,20,432),
 (747,20,457),
 (748,20,187),
 (749,20,441),
 (750,20,355),
 (751,20,506),
 (752,20,293),
 (753,20,12),
 (754,20,438),
 (755,20,462),
 (756,20,147),
 (757,20,530),
 (758,20,251),
 (759,20,417),
 (760,20,39),
 (761,20,375),
 (762,20,45),
 (763,20,421),
 (764,20,176),
 (765,20,27),
 (766,20,242),
 (767,20,106),
 (768,20,549),
 (769,20,449),
 (770,20,44),
 (771,20,43),
 (772,21,81),
 (773,21,59),
 (774,21,209),
 (775,21,447),
 (776,21,339),
 (777,21,431),
 (778,21,528),
 (779,21,179),
 (780,21,364),
 (781,21,226),
 (782,21,555),
 (783,21,554),
 (784,21,559),
 (785,21,558),
 (786,21,557),
 (787,21,553),
 (788,21,15),
 (789,21,547),
 (790,21,259),
 (791,21,98),
 (792,21,54),
 (793,21,83),
 (794,21,16),
 (795,21,383),
 (796,21,523),
 (797,21,117),
 (798,21,396),
 (799,21,73),
 (800,22,69),
 (801,22,485),
 (802,22,563),
 (803,22,490),
 (804,22,350),
 (805,22,56),
 (806,22,154),
 (807,22,1),
 (808,22,193),
 (809,22,402),
 (810,22,270),
 (811,22,414),
 (812,22,174),
 (813,22,413),
 (814,22,412),
 (815,22,142),
 (816,22,486),
 (817,22,460),
 (818,22,103),
 (819,22,237),
 (820,22,522),
 (821,22,88),
 (822,22,216),
 (823,22,125),
 (824,22,144),
 (825,22,119),
 (826,22,296),
 (827,22,297),
 (828,22,158),
 (829,22,471),
 (830,22,529),
 (831,22,286),
 (832,22,359),
 (833,22,132),
 (834,22,280),
 (835,22,441),
 (836,22,355),
 (837,22,506),
 (838,22,293),
 (839,22,12),
 (840,23,33),
 (841,23,115),
 (842,23,116),
 (843,23,109),
 (844,23,525),
 (845,23,28),
 (846,23,439),
 (847,23,292),
 (848,23,50),
 (849,23,250),
 (850,23,75),
 (851,23,238),
 (852,23,113),
 (853,23,399),
 (854,23,190),
 (855,23,519),
 (856,23,108),
 (857,23,265),
 (858,23,420),
 (859,23,516),
 (860,23,483),
 (861,23,507),
 (862,23,124),
 (863,23,301),
 (864,23,91),
 (865,23,90),
 (866,23,11),
 (867,23,183),
 (868,23,477),
 (869,23,161),
 (870,23,165),
 (871,23,331),
 (872,23,73),
 (873,24,539),
 (874,24,53),
 (875,24,235),
 (876,24,24),
 (877,24,1),
 (878,24,193),
 (879,24,402),
 (880,24,270),
 (881,24,414),
 (882,24,174),
 (883,24,413),
 (884,24,412),
 (885,24,142),
 (886,24,486),
 (887,24,460),
 (888,24,103),
 (889,24,237),
 (890,24,522),
 (891,24,88),
 (892,24,216),
 (893,24,125),
 (894,24,144),
 (895,24,119),
 (896,24,296),
 (897,24,297),
 (898,24,158),
 (899,24,471),
 (900,24,529),
 (901,24,286),
 (902,24,359),
 (903,24,132),
 (904,24,280),
 (905,24,441),
 (906,24,355),
 (907,24,506),
 (908,24,293),
 (909,24,12),
 (910,24,438),
 (911,24,462),
 (912,24,147),
 (913,24,530),
 (914,24,251),
 (915,24,342),
 (916,24,290),
 (917,24,102),
 (918,24,501),
 (919,24,153),
 (920,25,262),
 (921,25,282),
 (922,25,127),
 (923,25,513),
 (924,25,443),
 (925,25,30),
 (926,25,533),
 (927,25,84),
 (928,25,73),
 (929,25,325),
 (930,25,500),
 (931,25,397),
 (932,25,205),
 (933,25,181),
 (934,25,124),
 (935,25,184),
 (936,25,122),
 (937,25,507),
 (938,25,493),
 (939,25,288),
 (940,25,110),
 (941,25,463),
 (942,25,551),
 (943,25,168),
 (944,25,134),
 (945,25,135),
 (946,25,247),
 (947,25,517),
 (948,25,538),
 (949,25,267),
 (950,25,428),
 (951,25,188),
 (952,25,13),
 (953,25,23),
 (954,25,277),
 (955,25,323),
 (956,25,391),
 (957,25,328),
 (958,25,548),
 (959,25,524),
 (960,25,9),
 (961,25,514),
 (962,25,449),
 (963,25,450),
 (964,25,458),
 (965,25,459),
 (966,25,273),
 (967,25,460),
 (968,25,486),
 (969,25,142),
 (970,25,412),
 (971,25,413),
 (972,25,174),
 (973,25,414),
 (974,25,270),
 (975,26,205),
 (976,26,397),
 (977,26,500),
 (978,26,325),
 (979,26,73),
 (980,26,84),
 (981,26,533),
 (982,26,30),
 (983,26,71),
 (984,26,492),
 (985,26,228),
 (986,26,163),
 (987,26,444),
 (988,26,318),
 (989,26,455),
 (990,26,348),
 (991,27,205),
 (992,27,397),
 (993,27,165),
 (994,27,376),
 (995,27,12),
 (996,27,438),
 (997,27,462),
 (998,27,147),
 (999,27,357),
 (1000,27,338),
 (1001,27,217),
 (1002,28,256),
 (1003,28,194),
 (1004,28,195),
 (1005,28,196),
 (1006,28,197),
 (1007,28,198),
 (1008,28,199),
 (1009,28,65),
 (1010,28,201),
 (1011,28,203),
 (1012,28,335),
 (1013,28,100),
 (1014,28,311),
 (1015,28,310),
 (1016,28,64),
 (1017,28,177),
 (1018,28,400),
 (1019,28,139),
 (1020,28,465),
 (1021,28,332),
 (1022,28,212),
 (1023,28,94),
 (1024,28,133),
 (1025,28,529),
 (1026,28,286),
 (1027,28,359),
 (1028,28,132),
 (1029,28,280),
 (1030,28,441),
 (1031,28,355),
 (1032,28,506),
 (1033,28,293),
 (1034,28,12),
 (1035,28,376),
 (1036,28,165),
 (1037,28,397),
 (1038,28,205),
 (1039,28,78),
 (1040,28,383),
 (1041,28,16),
 (1042,28,83),
 (1043,28,284),
 (1044,28,231),
 (1045,28,550),
 (1046,28,62),
 (1047,28,230),
 (1048,28,229),
 (1049,28,448),
 (1050,28,164),
 (1051,29,354),
 (1052,29,271),
 (1053,29,353),
 (1054,29,337),
 (1055,29,20),
 (1056,29,17),
 (1057,29,18),
 (1058,29,324),
 (1059,29,10),
 (1060,29,210),
 (1061,29,475),
 (1062,29,444),
 (1063,29,163),
 (1064,29,228),
 (1065,29,492),
 (1066,29,71),
 (1067,29,30),
 (1068,29,533),
 (1069,29,84),
 (1070,29,73),
 (1071,29,325),
 (1072,29,500),
 (1073,29,397),
 (1074,29,205),
 (1075,30,57),
 (1076,30,327),
 (1077,30,379),
 (1078,30,255),
 (1079,30,279),
 (1080,30,181),
 (1081,30,205),
 (1082,30,397),
 (1083,30,500),
 (1084,30,325),
 (1085,30,73),
 (1086,31,56),
 (1087,31,154),
 (1088,31,1),
 (1089,31,193),
 (1090,31,402),
 (1091,31,270),
 (1092,31,414),
 (1093,31,174),
 (1094,31,413),
 (1095,31,412),
 (1096,31,142),
 (1097,31,486),
 (1098,31,460),
 (1099,31,273),
 (1100,31,459),
 (1101,31,458),
 (1102,31,450),
 (1103,31,449),
 (1104,31,514),
 (1105,31,9),
 (1106,31,524),
 (1107,31,548),
 (1108,31,328),
 (1109,31,391),
 (1110,31,323),
 (1111,31,277),
 (1112,31,23),
 (1113,31,13),
 (1114,31,188),
 (1115,31,428),
 (1116,31,267),
 (1117,31,538),
 (1118,31,517),
 (1119,31,247),
 (1120,31,135),
 (1121,31,134),
 (1122,31,168),
 (1123,31,551),
 (1124,31,463),
 (1125,31,110),
 (1126,31,288),
 (1127,31,493),
 (1128,31,507),
 (1129,31,122),
 (1130,31,301),
 (1131,31,91),
 (1132,31,90),
 (1133,31,183),
 (1134,31,477),
 (1135,31,161),
 (1136,31,165),
 (1137,31,331),
 (1138,31,73),
 (1139,31,325),
 (1140,31,386),
 (1141,31,396),
 (1142,31,117),
 (1143,31,523),
 (1144,31,383),
 (1145,31,16),
 (1146,31,83),
 (1147,31,54),
 (1148,31,98),
 (1149,31,259),
 (1150,31,547),
 (1151,31,15),
 (1152,31,553),
 (1153,31,487),
 (1154,31,347),
 (1155,31,346),
 (1156,31,249),
 (1157,31,97),
 (1158,31,349),
 (1159,31,494),
 (1160,31,38),
 (1161,31,336),
 (1162,31,47),
 (1163,32,256),
 (1164,32,290),
 (1165,32,342),
 (1166,32,251),
 (1167,32,85),
 (1168,32,530),
 (1169,32,147),
 (1170,32,462),
 (1171,32,532),
 (1172,32,338),
 (1173,32,218),
 (1174,32,441),
 (1175,32,280),
 (1176,32,132),
 (1177,32,359),
 (1178,32,286),
 (1179,32,529),
 (1180,32,471),
 (1181,32,158),
 (1182,32,297),
 (1183,32,296),
 (1184,32,119),
 (1185,32,144),
 (1186,32,125),
 (1187,32,216),
 (1188,32,88),
 (1189,32,522),
 (1190,32,237),
 (1191,32,103),
 (1192,32,460),
 (1193,32,273),
 (1194,32,459),
 (1195,32,461),
 (1196,32,341),
 (1197,32,340),
 (1198,33,528),
 (1199,33,179),
 (1200,33,364),
 (1201,33,226),
 (1202,33,555),
 (1203,33,554),
 (1204,33,559),
 (1205,33,558),
 (1206,33,557),
 (1207,33,553),
 (1208,33,15),
 (1209,33,543),
 (1210,33,320),
 (1211,33,542),
 (1212,33,437),
 (1213,33,178),
 (1214,33,248),
 (1215,33,509),
 (1216,33,479),
 (1217,33,333),
 (1218,33,480),
 (1219,33,396),
 (1220,33,386),
 (1221,33,325),
 (1222,33,73),
 (1223,33,500),
 (1224,33,397),
 (1225,33,165),
 (1226,33,376),
 (1227,33,12),
 (1228,33,438),
 (1229,33,462),
 (1230,33,147),
 (1231,33,530),
 (1232,33,502),
 (1233,33,213),
 (1234,33,45),
 (1235,33,421),
 (1236,33,176),
 (1237,33,27),
 (1238,33,242),
 (1239,33,356),
 (1240,33,259),
 (1241,33,547),
 (1242,33,487),
 (1243,33,347),
 (1244,33,346),
 (1245,33,249),
 (1246,33,97),
 (1247,34,171),
 (1248,34,6),
 (1249,34,201),
 (1250,34,233),
 (1251,34,308),
 (1252,34,306),
 (1253,34,312),
 (1254,34,101),
 (1255,34,400),
 (1256,34,139),
 (1257,34,465),
 (1258,34,332),
 (1259,34,51),
 (1260,34,36),
 (1261,34,133),
 (1262,34,94),
 (1263,34,426),
 (1264,34,240),
 (1265,34,427),
 (1266,34,218),
 (1267,34,441),
 (1268,34,187),
 (1269,34,473),
 (1270,34,526),
 (1271,34,31),
 (1272,34,82),
 (1273,34,162),
 (1274,34,161),
 (1275,34,205),
 (1276,34,397),
 (1277,34,500),
 (1278,34,325),
 (1279,34,73),
 (1280,34,398),
 (1281,34,396),
 (1282,34,480),
 (1283,34,333),
 (1284,34,479),
 (1285,34,509),
 (1286,34,248),
 (1287,34,52),
 (1288,35,388),
 (1289,35,444),
 (1290,35,191),
 (1291,35,127),
 (1292,35,530),
 (1293,35,147),
 (1294,35,462),
 (1295,35,438),
 (1296,35,12),
 (1297,35,293),
 (1298,35,506),
 (1299,35,355),
 (1300,35,441),
 (1301,35,187),
 (1302,35,457),
 (1303,35,432),
 (1304,35,352),
 (1305,35,436),
 (1306,35,508),
 (1307,35,507),
 (1308,35,483),
 (1309,35,516),
 (1310,35,420),
 (1311,35,418),
 (1312,35,265),
 (1313,35,243),
 (1314,35,382),
 (1315,36,208),
 (1316,36,444),
 (1317,36,163),
 (1318,36,228),
 (1319,36,492),
 (1320,36,71),
 (1321,36,30),
 (1322,36,462),
 (1323,36,12),
 (1324,36,293),
 (1325,36,506),
 (1326,36,355),
 (1327,36,441),
 (1328,36,187),
 (1329,36,192),
 (1330,36,246),
 (1331,36,300),
 (1332,36,168),
 (1333,36,134),
 (1334,36,135),
 (1335,36,247),
 (1336,36,517),
 (1337,36,538),
 (1338,36,267),
 (1339,36,428),
 (1340,36,188),
 (1341,36,13),
 (1342,36,23),
 (1343,36,277),
 (1344,36,323),
 (1345,36,391),
 (1346,36,328),
 (1347,36,548),
 (1348,36,524),
 (1349,36,9),
 (1350,36,514),
 (1351,36,449),
 (1352,36,450),
 (1353,36,458),
 (1354,36,459),
 (1355,36,273),
 (1356,36,460),
 (1357,36,486),
 (1358,36,142),
 (1359,36,412),
 (1360,36,413),
 (1361,36,174),
 (1362,36,414),
 (1363,36,270),
 (1364,36,401),
 (1365,37,513),
 (1366,37,127),
 (1367,37,530),
 (1368,37,147),
 (1369,37,462),
 (1370,37,438),
 (1371,37,12),
 (1372,37,293),
 (1373,37,506),
 (1374,37,355),
 (1375,37,441),
 (1376,37,280),
 (1377,37,132),
 (1378,37,359),
 (1379,37,286),
 (1380,37,529),
 (1381,37,471),
 (1382,37,158),
 (1383,37,297),
 (1384,37,535),
 (1385,37,299),
 (1386,37,451),
 (1387,37,298),
 (1388,37,168),
 (1389,37,134),
 (1390,37,135),
 (1391,37,247),
 (1392,37,517),
 (1393,37,538),
 (1394,37,267),
 (1395,37,428),
 (1396,37,188),
 (1397,37,13),
 (1398,37,23),
 (1399,37,277),
 (1400,37,323),
 (1401,37,391),
 (1402,37,328),
 (1403,37,548),
 (1404,37,524),
 (1405,37,9),
 (1406,37,514),
 (1407,37,449),
 (1408,37,461),
 (1409,37,341),
 (1410,38,268),
 (1411,38,76),
 (1412,38,271),
 (1413,38,353),
 (1414,38,337),
 (1415,38,20),
 (1416,38,17),
 (1417,38,18),
 (1418,38,324),
 (1419,38,10),
 (1420,38,210),
 (1421,38,475),
 (1422,38,444),
 (1423,38,163),
 (1424,38,228),
 (1425,38,492),
 (1426,38,71),
 (1427,38,30),
 (1428,38,462),
 (1429,38,12),
 (1430,38,293),
 (1431,38,506),
 (1432,38,355),
 (1433,38,441),
 (1434,38,187),
 (1435,38,457),
 (1436,38,432),
 (1437,38,352),
 (1438,38,436),
 (1439,38,508),
 (1440,38,507),
 (1441,38,483),
 (1442,38,516),
 (1443,38,420),
 (1444,38,265),
 (1445,38,108),
 (1446,38,519),
 (1447,38,190),
 (1448,38,399),
 (1449,38,113),
 (1450,38,238),
 (1451,38,75),
 (1452,38,250),
 (1453,38,50),
 (1454,38,292),
 (1455,39,375),
 (1456,39,39),
 (1457,39,417),
 (1458,39,251),
 (1459,39,530),
 (1460,39,127),
 (1461,39,513),
 (1462,39,443),
 (1463,39,30),
 (1464,39,533),
 (1465,39,84),
 (1466,39,73),
 (1467,39,325),
 (1468,39,386),
 (1469,39,396),
 (1470,39,117),
 (1471,39,523),
 (1472,39,383),
 (1473,39,16),
 (1474,39,83),
 (1475,39,284),
 (1476,39,231),
 (1477,39,550),
 (1478,39,62),
 (1479,39,230),
 (1480,39,488),
 (1481,39,478),
 (1482,39,97),
 (1483,39,349),
 (1484,39,494),
 (1485,39,38),
 (1486,39,336),
 (1487,39,47),
 (1488,39,464),
 (1489,40,233),
 (1490,40,313),
 (1491,40,314),
 (1492,40,315),
 (1493,40,316),
 (1494,40,305),
 (1495,40,307),
 (1496,40,138),
 (1497,40,207),
 (1498,40,158),
 (1499,40,471),
 (1500,40,529),
 (1501,40,286),
 (1502,40,457),
 (1503,40,187),
 (1504,40,473),
 (1505,40,526),
 (1506,40,31),
 (1507,40,82),
 (1508,40,162),
 (1509,40,161),
 (1510,40,165),
 (1511,40,331),
 (1512,40,73),
 (1513,40,325),
 (1514,40,386),
 (1515,40,396),
 (1516,40,117),
 (1517,40,523),
 (1518,40,383),
 (1519,40,16),
 (1520,40,83),
 (1521,40,284),
 (1522,40,231),
 (1523,40,550),
 (1524,40,62),
 (1525,40,230),
 (1526,40,229),
 (1527,40,448),
 (1528,40,164),
 (1529,41,201),
 (1530,41,65),
 (1531,41,361),
 (1532,41,224),
 (1533,41,225),
 (1534,41,223),
 (1535,41,263),
 (1536,41,422),
 (1537,41,244),
 (1538,41,291),
 (1539,41,251),
 (1540,41,85),
 (1541,41,530),
 (1542,41,147),
 (1543,42,498),
 (1544,42,559),
 (1545,42,558),
 (1546,42,557),
 (1547,42,553),
 (1548,42,15),
 (1549,42,547),
 (1550,42,259),
 (1551,42,98),
 (1552,42,54),
 (1553,42,83),
 (1554,42,16),
 (1555,42,383),
 (1556,42,78),
 (1557,42,205),
 (1558,42,161),
 (1559,42,165),
 (1560,42,376),
 (1561,42,12),
 (1562,42,293),
 (1563,42,506),
 (1564,42,355),
 (1565,42,441),
 (1566,42,280),
 (1567,42,132),
 (1568,42,359),
 (1569,42,286),
 (1570,42,529),
 (1571,42,471),
 (1572,42,158),
 (1573,42,297),
 (1574,42,296),
 (1575,42,119),
 (1576,42,144),
 (1577,42,125),
 (1578,42,216),
 (1579,42,88),
 (1580,42,522),
 (1581,42,237),
 (1582,42,103),
 (1583,42,460),
 (1584,42,486),
 (1585,42,142),
 (1586,42,412),
 (1587,42,413),
 (1588,42,174),
 (1589,42,414),
 (1590,42,270),
 (1591,42,402),
 (1592,42,193),
 (1593,42,1),
 (1594,42,154),
 (1595,42,63),
 (1596,42,295);
CREATE TABLE IF NOT EXISTS `bus_name_master` (
	`bus_id`	INTEGER PRIMARY KEY AUTOINCREMENT,
	`bus_name`	TEXT
);
INSERT INTO `bus_name_master` (bus_id,bus_name) VALUES (1,'Low Floor- AC1	'),
 (2,'Low Floor- AC2'),
 (3,'Low Floor-AC5'),
 (4,'Low Floor- 1'),
 (5,'Low Floor- 1A'),
 (6,'Low Floor- 3'),
 (7,'Low Floor- 3A'),
 (8,'Low Floor- 3B'),
 (9,'Low Floor- 6A'),
 (10,'Low Floor- 7'),
 (11,'Low Floor- 8A'),
 (12,'Low Floor- 8B'),
 (13,'Low Floor- 9'),
 (14,'Low Floor- 9A'),
 (15,'Low Floor- 9B'),
 (16,'Low Floor- 10'),
 (17,'Low Floor-10A Mini'),
 (18,'Low Floor-11'),
 (19,'Low Floor-12'),
 (20,'Low Floor-14'),
 (21,'Low Floor-15'),
 (22,'Low Floor-16'),
 (23,'Low Floor-26'),
 (24,'Low Floor-27A'),
 (25,'Mini Bus 1'),
 (26,'Mini Bus -2'),
 (27,'Mini Bus -5'),
 (28,'Mini Bus -7'),
 (29,'Mini Bus-9B'),
 (30,'Mini Bus-9B'),
 (31,'Mini Bus-11'),
 (32,'Mini Bus-13'),
 (33,'Mini Bus-15'),
 (34,'Mini Bus-17'),
 (35,'Mini Bus-21'),
 (36,'Mini Bus-22'),
 (37,'Mini Bus-28'),
 (38,'Mini Bus-29'),
 (39,'Mini Bus-30'),
 (40,'Mini Bus-32'),
 (41,'Mini Bus-36'),
 (42,'Mini Bus-55');
CREATE TABLE IF NOT EXISTS `android_metadata` (
	`locale`	TEXT DEFAULT 'en_US'
);
INSERT INTO `android_metadata` (locale) VALUES ('en_US');
COMMIT;
